relative_path,filename,size_gb,first_timestamp,last_timestamp,first_tick,last_tick
raw_data\eurusd-tick-2010-01-01-2026-10-01.csv,eurusd-tick-2010-01-01-2026-10-01.csv,4.3889929903671145,1262304003964,1459835999593,2010-01-01 00:00:03.964000+00:00,2016-04-05 05:59:59.593000+00:00
raw_data\repair_test\eurusd-tick-2016-04-05-2016-04-06.csv,eurusd-tick-2016-04-05-2016-04-06.csv,0.0033665504306554794,1459814401589,1459900798700,2016-04-05 00:00:01.589000+00:00,2016-04-05 23:59:58.700000+00:00
raw_data\repair_test\eurusd-tick-2016-04-06-2016-04-13.csv,eurusd-tick-2016-04-06-2016-04-13.csv,0.01661079004406929,1459900800202,1460505599859,2016-04-06 00:00:00.202000+00:00,2016-04-12 23:59:59.859000+00:00
raw_data\repair_test\eurusd-tick-2016-04-13-2016-05-13.csv,eurusd-tick-2016-04-13-2016-05-13.csv,0.06931689288467169,1460505600437,1463097597359,2016-04-13 00:00:00.437000+00:00,2016-05-12 23:59:57.359000+00:00
raw_data\repair_test\eurusd-tick-2016-05-13-2016-06-13.csv,eurusd-tick-2016-05-13-2016-06-13.csv,0.06062890496104956,1463097600642,1465775999829,2016-05-13 00:00:00.642000+00:00,2016-06-12 23:59:59.829000+00:00
raw_data\repair_test\eurusd-tick-2016-06-13-2017-01-01.csv,eurusd-tick-2016-06-13-2017-01-01.csv,1.1431326987221837,1465776000369,1483135196230,2016-06-13 00:00:00.369000+00:00,2016-12-30 21:59:56.230000+00:00
raw_data\repair_test\eurusd-tick-2017-01-01-2018-01-01.csv,eurusd-tick-2017-01-01-2018-01-01.csv,0.764868475496769,1483308020786,1514584782990,2017-01-01 22:00:20.786000+00:00,2017-12-29 21:59:42.990000+00:00
raw_data\repair_test\eurusd-tick-2018-01-01-2019-01-01.csv,eurusd-tick-2018-01-01-2019-01-01.csv,0.9255997380241752,1514844008661,1546293599716,2018-01-01 22:00:08.661000+00:00,2018-12-31 21:59:59.716000+00:00
raw_data\repair_test\eurusd-tick-2019-01-01-2020-01-01.csv,eurusd-tick-2019-01-01-2020-01-01.csv,1.0402735453099012,1546380157254,1577829597829,2019-01-01 22:02:37.254000+00:00,2019-12-31 21:59:57.829000+00:00
raw_data\repair_test\eurusd-tick-2020-01-01-2021-01-01.csv,eurusd-tick-2020-01-01-2021-01-01.csv,1.2030316507443786,1577916072821,1609451999120,2020-01-01 22:01:12.821000+00:00,2020-12-31 21:59:59.120000+00:00
raw_data\repair_test\eurusd-tick-2021-01-01-2022-01-01.csv,eurusd-tick-2021-01-01-2022-01-01.csv,0.6162342112511396,1609711200040,1640987996170,2021-01-03 22:00:00.040000+00:00,2021-12-31 21:59:56.170000+00:00
raw_data\repair_test\eurusd-tick-2022-01-01-2023-01-01.csv,eurusd-tick-2022-01-01-2023-01-01.csv,1.3414545264095068,1641161034650,1672437597894,2022-01-02 22:03:54.650000+00:00,2022-12-30 21:59:57.894000+00:00
raw_data\repair_test\eurusd-tick-2023-01-01-2024-01-01.csv,eurusd-tick-2023-01-01-2024-01-01.csv,0.989187459461391,1672610641067,1703887199385,2023-01-01 22:04:01.067000+00:00,2023-12-29 21:59:59.385000+00:00
raw_data\repair_test\eurusd-tick-2024-01-01-2026-10-07.csv,eurusd-tick-2024-01-01-2026-10-07.csv,2.0883889934048057,1704146412108,1791331194159,2024-01-01 22:00:12.108000+00:00,2026-10-06 23:59:54.159000+00:00
