instrument,missing_hour_start_utc,missing_hour_end_utc,missing_minutes,year,weekday,hour_utc,status
EURUSD,2010-01-01 17:00:00+00:00,2010-01-01 17:59:00+00:00,60,2010,Friday,17,candidate_missing_source_block
EURUSD,2010-01-01 20:00:00+00:00,2010-01-01 20:59:00+00:00,60,2010,Friday,20,candidate_missing_source_block
EURUSD,2010-01-04 02:00:00+00:00,2010-01-04 02:59:00+00:00,60,2010,Monday,2,candidate_missing_source_block
EURUSD,2010-01-04 04:00:00+00:00,2010-01-04 04:59:00+00:00,60,2010,Monday,4,candidate_missing_source_block
EURUSD,2010-01-07 02:00:00+00:00,2010-01-07 02:59:00+00:00,60,2010,Thursday,2,candidate_missing_source_block
EURUSD,2010-01-08 01:00:00+00:00,2010-01-08 01:59:00+00:00,60,2010,Friday,1,candidate_missing_source_block
EURUSD,2010-01-11 02:00:00+00:00,2010-01-11 02:59:00+00:00,60,2010,Monday,2,candidate_missing_source_block
EURUSD,2010-01-11 21:00:00+00:00,2010-01-11 21:59:00+00:00,60,2010,Monday,21,candidate_missing_source_block
EURUSD,2010-01-14 21:00:00+00:00,2010-01-14 21:59:00+00:00,60,2010,Thursday,21,candidate_missing_source_block
EURUSD,2010-01-15 20:00:00+00:00,2010-01-15 20:59:00+00:00,60,2010,Friday,20,candidate_missing_source_block
EURUSD,2010-01-18 01:00:00+00:00,2010-01-18 01:59:00+00:00,60,2010,Monday,1,candidate_missing_source_block
EURUSD,2010-01-18 16:00:00+00:00,2010-01-18 16:59:00+00:00,60,2010,Monday,16,candidate_missing_source_block
EURUSD,2010-01-18 18:00:00+00:00,2010-01-18 18:59:00+00:00,60,2010,Monday,18,candidate_missing_source_block
EURUSD,2010-01-19 23:00:00+00:00,2010-01-19 23:59:00+00:00,60,2010,Tuesday,23,candidate_missing_source_block
EURUSD,2010-01-20 04:00:00+00:00,2010-01-20 04:59:00+00:00,60,2010,Wednesday,4,candidate_missing_source_block
EURUSD,2010-01-20 10:00:00+00:00,2010-01-20 10:59:00+00:00,60,2010,Wednesday,10,candidate_missing_source_block
EURUSD,2010-01-21 08:00:00+00:00,2010-01-21 08:59:00+00:00,60,2010,Thursday,8,candidate_missing_source_block
EURUSD,2010-01-21 12:00:00+00:00,2010-01-21 12:59:00+00:00,60,2010,Thursday,12,candidate_missing_source_block
EURUSD,2010-01-21 14:00:00+00:00,2010-01-21 14:59:00+00:00,60,2010,Thursday,14,candidate_missing_source_block
EURUSD,2010-01-22 01:00:00+00:00,2010-01-22 01:59:00+00:00,60,2010,Friday,1,candidate_missing_source_block
EURUSD,2010-01-25 09:00:00+00:00,2010-01-25 09:59:00+00:00,60,2010,Monday,9,candidate_missing_source_block
EURUSD,2010-01-26 12:00:00+00:00,2010-01-26 12:59:00+00:00,60,2010,Tuesday,12,candidate_missing_source_block
EURUSD,2010-01-27 05:00:00+00:00,2010-01-27 05:59:00+00:00,60,2010,Wednesday,5,candidate_missing_source_block
EURUSD,2010-01-27 19:00:00+00:00,2010-01-27 19:59:00+00:00,60,2010,Wednesday,19,candidate_missing_source_block
EURUSD,2010-01-28 22:00:00+00:00,2010-01-28 22:59:00+00:00,60,2010,Thursday,22,candidate_missing_source_block
EURUSD,2010-02-01 09:00:00+00:00,2010-02-01 09:59:00+00:00,60,2010,Monday,9,candidate_missing_source_block
EURUSD,2010-02-01 17:00:00+00:00,2010-02-01 17:59:00+00:00,60,2010,Monday,17,candidate_missing_source_block
EURUSD,2010-02-02 06:00:00+00:00,2010-02-02 06:59:00+00:00,60,2010,Tuesday,6,candidate_missing_source_block
EURUSD,2010-02-02 17:00:00+00:00,2010-02-02 17:59:00+00:00,60,2010,Tuesday,17,candidate_missing_source_block
EURUSD,2010-02-03 08:00:00+00:00,2010-02-03 08:59:00+00:00,60,2010,Wednesday,8,candidate_missing_source_block
EURUSD,2010-02-03 14:00:00+00:00,2010-02-03 14:59:00+00:00,60,2010,Wednesday,14,candidate_missing_source_block
EURUSD,2010-02-03 21:00:00+00:00,2010-02-03 21:59:00+00:00,60,2010,Wednesday,21,candidate_missing_source_block
EURUSD,2010-02-05 20:00:00+00:00,2010-02-05 20:59:00+00:00,60,2010,Friday,20,candidate_missing_source_block
EURUSD,2010-02-08 17:00:00+00:00,2010-02-08 17:59:00+00:00,60,2010,Monday,17,candidate_missing_source_block
EURUSD,2010-02-08 20:00:00+00:00,2010-02-08 20:59:00+00:00,60,2010,Monday,20,candidate_missing_source_block
EURUSD,2010-02-09 10:00:00+00:00,2010-02-09 10:59:00+00:00,60,2010,Tuesday,10,candidate_missing_source_block
EURUSD,2010-02-10 10:00:00+00:00,2010-02-10 10:59:00+00:00,60,2010,Wednesday,10,candidate_missing_source_block
EURUSD,2010-02-10 13:00:00+00:00,2010-02-10 13:59:00+00:00,60,2010,Wednesday,13,candidate_missing_source_block
EURUSD,2010-02-10 19:00:00+00:00,2010-02-10 19:59:00+00:00,60,2010,Wednesday,19,candidate_missing_source_block
EURUSD,2010-02-10 21:00:00+00:00,2010-02-10 21:59:00+00:00,60,2010,Wednesday,21,candidate_missing_source_block
EURUSD,2010-02-11 00:00:00+00:00,2010-02-11 00:59:00+00:00,60,2010,Thursday,0,candidate_missing_source_block
EURUSD,2010-02-12 00:00:00+00:00,2010-02-12 00:59:00+00:00,60,2010,Friday,0,candidate_missing_source_block
EURUSD,2010-02-12 06:00:00+00:00,2010-02-12 06:59:00+00:00,60,2010,Friday,6,candidate_missing_source_block
EURUSD,2010-02-15 02:00:00+00:00,2010-02-15 02:59:00+00:00,60,2010,Monday,2,candidate_missing_source_block
EURUSD,2010-02-15 04:00:00+00:00,2010-02-15 04:59:00+00:00,60,2010,Monday,4,candidate_missing_source_block
EURUSD,2010-02-15 13:00:00+00:00,2010-02-15 13:59:00+00:00,60,2010,Monday,13,candidate_missing_source_block
EURUSD,2010-02-16 08:00:00+00:00,2010-02-16 08:59:00+00:00,60,2010,Tuesday,8,candidate_missing_source_block
EURUSD,2010-02-16 12:00:00+00:00,2010-02-16 12:59:00+00:00,60,2010,Tuesday,12,candidate_missing_source_block
EURUSD,2010-02-16 21:00:00+00:00,2010-02-16 21:59:00+00:00,60,2010,Tuesday,21,candidate_missing_source_block
EURUSD,2010-02-17 17:00:00+00:00,2010-02-17 17:59:00+00:00,60,2010,Wednesday,17,candidate_missing_source_block
EURUSD,2010-02-17 19:00:00+00:00,2010-02-17 19:59:00+00:00,60,2010,Wednesday,19,candidate_missing_source_block
EURUSD,2010-02-18 12:00:00+00:00,2010-02-18 12:59:00+00:00,60,2010,Thursday,12,candidate_missing_source_block
EURUSD,2010-02-19 02:00:00+00:00,2010-02-19 02:59:00+00:00,60,2010,Friday,2,candidate_missing_source_block
EURUSD,2010-02-19 07:00:00+00:00,2010-02-19 07:59:00+00:00,60,2010,Friday,7,candidate_missing_source_block
EURUSD,2010-02-22 03:00:00+00:00,2010-02-22 03:59:00+00:00,60,2010,Monday,3,candidate_missing_source_block
EURUSD,2010-02-24 14:00:00+00:00,2010-02-24 14:59:00+00:00,60,2010,Wednesday,14,candidate_missing_source_block
EURUSD,2010-02-25 00:00:00+00:00,2010-02-25 00:59:00+00:00,60,2010,Thursday,0,candidate_missing_source_block
EURUSD,2010-02-25 02:00:00+00:00,2010-02-25 02:59:00+00:00,60,2010,Thursday,2,candidate_missing_source_block
EURUSD,2010-02-26 14:00:00+00:00,2010-02-26 14:59:00+00:00,60,2010,Friday,14,candidate_missing_source_block
EURUSD,2010-02-26 19:00:00+00:00,2010-02-26 19:59:00+00:00,60,2010,Friday,19,candidate_missing_source_block
EURUSD,2010-03-01 04:00:00+00:00,2010-03-01 04:59:00+00:00,60,2010,Monday,4,candidate_missing_source_block
EURUSD,2010-03-01 20:00:00+00:00,2010-03-01 20:59:00+00:00,60,2010,Monday,20,candidate_missing_source_block
EURUSD,2010-03-04 05:00:00+00:00,2010-03-04 05:59:00+00:00,60,2010,Thursday,5,candidate_missing_source_block
EURUSD,2010-03-08 13:00:00+00:00,2010-03-08 13:59:00+00:00,60,2010,Monday,13,candidate_missing_source_block
EURUSD,2010-03-08 20:00:00+00:00,2010-03-08 20:59:00+00:00,60,2010,Monday,20,candidate_missing_source_block
EURUSD,2010-03-09 04:00:00+00:00,2010-03-09 04:59:00+00:00,60,2010,Tuesday,4,candidate_missing_source_block
EURUSD,2010-03-09 07:00:00+00:00,2010-03-09 07:59:00+00:00,60,2010,Tuesday,7,candidate_missing_source_block
EURUSD,2010-03-09 15:00:00+00:00,2010-03-09 15:59:00+00:00,60,2010,Tuesday,15,candidate_missing_source_block
EURUSD,2010-03-10 01:00:00+00:00,2010-03-10 01:59:00+00:00,60,2010,Wednesday,1,candidate_missing_source_block
EURUSD,2010-03-12 15:00:00+00:00,2010-03-12 15:59:00+00:00,60,2010,Friday,15,candidate_missing_source_block
EURUSD,2010-03-15 00:00:00+00:00,2010-03-15 00:59:00+00:00,60,2010,Monday,0,candidate_missing_source_block
EURUSD,2010-03-15 10:00:00+00:00,2010-03-15 10:59:00+00:00,60,2010,Monday,10,candidate_missing_source_block
EURUSD,2010-03-15 15:00:00+00:00,2010-03-15 15:59:00+00:00,60,2010,Monday,15,candidate_missing_source_block
EURUSD,2010-03-18 07:00:00+00:00,2010-03-18 07:59:00+00:00,60,2010,Thursday,7,candidate_missing_source_block
EURUSD,2010-03-18 11:00:00+00:00,2010-03-18 11:59:00+00:00,60,2010,Thursday,11,candidate_missing_source_block
EURUSD,2010-03-19 05:00:00+00:00,2010-03-19 05:59:00+00:00,60,2010,Friday,5,candidate_missing_source_block
EURUSD,2010-03-19 08:00:00+00:00,2010-03-19 08:59:00+00:00,60,2010,Friday,8,candidate_missing_source_block
EURUSD,2010-03-19 14:00:00+00:00,2010-03-19 14:59:00+00:00,60,2010,Friday,14,candidate_missing_source_block
EURUSD,2010-03-22 08:00:00+00:00,2010-03-22 08:59:00+00:00,60,2010,Monday,8,candidate_missing_source_block
EURUSD,2010-03-23 02:00:00+00:00,2010-03-23 02:59:00+00:00,60,2010,Tuesday,2,candidate_missing_source_block
EURUSD,2010-03-23 21:00:00+00:00,2010-03-23 21:59:00+00:00,60,2010,Tuesday,21,candidate_missing_source_block
EURUSD,2010-03-24 01:00:00+00:00,2010-03-24 01:59:00+00:00,60,2010,Wednesday,1,candidate_missing_source_block
EURUSD,2010-03-24 11:00:00+00:00,2010-03-24 11:59:00+00:00,60,2010,Wednesday,11,candidate_missing_source_block
EURUSD,2010-03-24 18:00:00+00:00,2010-03-24 18:59:00+00:00,60,2010,Wednesday,18,candidate_missing_source_block
EURUSD,2010-03-26 00:00:00+00:00,2010-03-26 00:59:00+00:00,60,2010,Friday,0,candidate_missing_source_block
EURUSD,2010-03-26 10:00:00+00:00,2010-03-26 10:59:00+00:00,60,2010,Friday,10,candidate_missing_source_block
EURUSD,2010-03-26 13:00:00+00:00,2010-03-26 13:59:00+00:00,60,2010,Friday,13,candidate_missing_source_block
EURUSD,2010-03-28 23:00:00+00:00,2010-03-28 23:59:00+00:00,60,2010,Sunday,23,candidate_missing_source_block
EURUSD,2010-03-29 11:00:00+00:00,2010-03-29 11:59:00+00:00,60,2010,Monday,11,candidate_missing_source_block
EURUSD,2010-03-29 21:00:00+00:00,2010-03-29 21:59:00+00:00,60,2010,Monday,21,candidate_missing_source_block
EURUSD,2010-04-01 03:00:00+00:00,2010-04-01 03:59:00+00:00,60,2010,Thursday,3,candidate_missing_source_block
EURUSD,2010-04-01 05:00:00+00:00,2010-04-01 05:59:00+00:00,60,2010,Thursday,5,candidate_missing_source_block
EURUSD,2010-04-04 22:00:00+00:00,2010-04-04 22:59:00+00:00,60,2010,Sunday,22,candidate_missing_source_block
EURUSD,2010-04-06 11:00:00+00:00,2010-04-06 11:59:00+00:00,60,2010,Tuesday,11,candidate_missing_source_block
EURUSD,2010-04-06 16:00:00+00:00,2010-04-06 16:59:00+00:00,60,2010,Tuesday,16,candidate_missing_source_block
EURUSD,2010-04-07 08:00:00+00:00,2010-04-07 08:59:00+00:00,60,2010,Wednesday,8,candidate_missing_source_block
EURUSD,2010-04-08 07:00:00+00:00,2010-04-08 07:59:00+00:00,60,2010,Thursday,7,candidate_missing_source_block
EURUSD,2010-04-08 17:00:00+00:00,2010-04-08 17:59:00+00:00,60,2010,Thursday,17,candidate_missing_source_block
EURUSD,2010-04-09 03:00:00+00:00,2010-04-09 03:59:00+00:00,60,2010,Friday,3,candidate_missing_source_block
EURUSD,2010-04-09 16:00:00+00:00,2010-04-09 16:59:00+00:00,60,2010,Friday,16,candidate_missing_source_block
EURUSD,2010-04-13 23:00:00+00:00,2010-04-13 23:59:00+00:00,60,2010,Tuesday,23,candidate_missing_source_block
EURUSD,2010-04-15 15:00:00+00:00,2010-04-15 15:59:00+00:00,60,2010,Thursday,15,candidate_missing_source_block
EURUSD,2010-04-16 02:00:00+00:00,2010-04-16 02:59:00+00:00,60,2010,Friday,2,candidate_missing_source_block
EURUSD,2010-04-18 22:00:00+00:00,2010-04-18 22:59:00+00:00,60,2010,Sunday,22,candidate_missing_source_block
EURUSD,2010-04-19 08:00:00+00:00,2010-04-19 08:59:00+00:00,60,2010,Monday,8,candidate_missing_source_block
EURUSD,2010-04-19 10:00:00+00:00,2010-04-19 10:59:00+00:00,60,2010,Monday,10,candidate_missing_source_block
EURUSD,2010-04-19 20:00:00+00:00,2010-04-19 20:59:00+00:00,60,2010,Monday,20,candidate_missing_source_block
EURUSD,2010-04-19 23:00:00+00:00,2010-04-19 23:59:00+00:00,60,2010,Monday,23,candidate_missing_source_block
EURUSD,2010-04-20 02:00:00+00:00,2010-04-20 02:59:00+00:00,60,2010,Tuesday,2,candidate_missing_source_block
EURUSD,2010-04-20 06:00:00+00:00,2010-04-20 06:59:00+00:00,60,2010,Tuesday,6,candidate_missing_source_block
EURUSD,2010-04-20 20:00:00+00:00,2010-04-20 20:59:00+00:00,60,2010,Tuesday,20,candidate_missing_source_block
EURUSD,2010-04-20 23:00:00+00:00,2010-04-20 23:59:00+00:00,60,2010,Tuesday,23,candidate_missing_source_block
EURUSD,2010-04-21 07:00:00+00:00,2010-04-21 07:59:00+00:00,60,2010,Wednesday,7,candidate_missing_source_block
EURUSD,2010-04-21 16:00:00+00:00,2010-04-21 16:59:00+00:00,60,2010,Wednesday,16,candidate_missing_source_block
EURUSD,2010-04-22 03:00:00+00:00,2010-04-22 03:59:00+00:00,60,2010,Thursday,3,candidate_missing_source_block
EURUSD,2010-04-23 01:00:00+00:00,2010-04-23 01:59:00+00:00,60,2010,Friday,1,candidate_missing_source_block
EURUSD,2010-04-23 11:00:00+00:00,2010-04-23 11:59:00+00:00,60,2010,Friday,11,candidate_missing_source_block
EURUSD,2010-04-23 14:00:00+00:00,2010-04-23 14:59:00+00:00,60,2010,Friday,14,candidate_missing_source_block
EURUSD,2010-04-23 19:00:00+00:00,2010-04-23 19:59:00+00:00,60,2010,Friday,19,candidate_missing_source_block
EURUSD,2010-04-26 11:00:00+00:00,2010-04-26 11:59:00+00:00,60,2010,Monday,11,candidate_missing_source_block
EURUSD,2010-04-26 16:00:00+00:00,2010-04-26 16:59:00+00:00,60,2010,Monday,16,candidate_missing_source_block
EURUSD,2010-04-26 19:00:00+00:00,2010-04-26 19:59:00+00:00,60,2010,Monday,19,candidate_missing_source_block
EURUSD,2010-04-27 12:00:00+00:00,2010-04-27 12:59:00+00:00,60,2010,Tuesday,12,candidate_missing_source_block
EURUSD,2010-04-28 21:00:00+00:00,2010-04-28 21:59:00+00:00,60,2010,Wednesday,21,candidate_missing_source_block
EURUSD,2010-04-30 05:00:00+00:00,2010-04-30 05:59:00+00:00,60,2010,Friday,5,candidate_missing_source_block
EURUSD,2010-04-30 11:00:00+00:00,2010-04-30 11:59:00+00:00,60,2010,Friday,11,candidate_missing_source_block
EURUSD,2010-05-03 01:00:00+00:00,2010-05-03 01:59:00+00:00,60,2010,Monday,1,candidate_missing_source_block
EURUSD,2010-05-03 12:00:00+00:00,2010-05-03 12:59:00+00:00,60,2010,Monday,12,candidate_missing_source_block
EURUSD,2010-05-03 22:00:00+00:00,2010-05-03 22:59:00+00:00,60,2010,Monday,22,candidate_missing_source_block
EURUSD,2010-05-06 02:00:00+00:00,2010-05-06 02:59:00+00:00,60,2010,Thursday,2,candidate_missing_source_block
EURUSD,2010-05-06 11:00:00+00:00,2010-05-06 11:59:00+00:00,60,2010,Thursday,11,candidate_missing_source_block
EURUSD,2010-05-07 01:00:00+00:00,2010-05-07 01:59:00+00:00,60,2010,Friday,1,candidate_missing_source_block
EURUSD,2010-05-10 20:00:00+00:00,2010-05-10 20:59:00+00:00,60,2010,Monday,20,candidate_missing_source_block
EURUSD,2010-05-12 08:00:00+00:00,2010-05-12 08:59:00+00:00,60,2010,Wednesday,8,candidate_missing_source_block
EURUSD,2010-05-13 01:00:00+00:00,2010-05-13 01:59:00+00:00,60,2010,Thursday,1,candidate_missing_source_block
EURUSD,2010-05-14 13:00:00+00:00,2010-05-14 13:59:00+00:00,60,2010,Friday,13,candidate_missing_source_block
EURUSD,2010-05-17 03:00:00+00:00,2010-05-17 03:59:00+00:00,60,2010,Monday,3,candidate_missing_source_block
EURUSD,2010-05-17 13:00:00+00:00,2010-05-17 13:59:00+00:00,60,2010,Monday,13,candidate_missing_source_block
EURUSD,2010-05-17 18:00:00+00:00,2010-05-17 18:59:00+00:00,60,2010,Monday,18,candidate_missing_source_block
EURUSD,2010-05-18 08:00:00+00:00,2010-05-18 08:59:00+00:00,60,2010,Tuesday,8,candidate_missing_source_block
EURUSD,2010-05-18 10:00:00+00:00,2010-05-18 10:59:00+00:00,60,2010,Tuesday,10,candidate_missing_source_block
EURUSD,2010-05-21 00:00:00+00:00,2010-05-21 00:59:00+00:00,60,2010,Friday,0,candidate_missing_source_block
EURUSD,2010-05-21 05:00:00+00:00,2010-05-21 05:59:00+00:00,60,2010,Friday,5,candidate_missing_source_block
EURUSD,2010-05-21 15:00:00+00:00,2010-05-21 15:59:00+00:00,60,2010,Friday,15,candidate_missing_source_block
EURUSD,2010-05-23 22:00:00+00:00,2010-05-23 22:59:00+00:00,60,2010,Sunday,22,candidate_missing_source_block
EURUSD,2010-05-26 05:00:00+00:00,2010-05-26 05:59:00+00:00,60,2010,Wednesday,5,candidate_missing_source_block
EURUSD,2010-05-26 09:00:00+00:00,2010-05-26 09:59:00+00:00,60,2010,Wednesday,9,candidate_missing_source_block
EURUSD,2010-05-26 15:00:00+00:00,2010-05-26 15:59:00+00:00,60,2010,Wednesday,15,candidate_missing_source_block
EURUSD,2010-05-27 03:00:00+00:00,2010-05-27 03:59:00+00:00,60,2010,Thursday,3,candidate_missing_source_block
EURUSD,2010-05-27 11:00:00+00:00,2010-05-27 11:59:00+00:00,60,2010,Thursday,11,candidate_missing_source_block
EURUSD,2010-05-27 21:00:00+00:00,2010-05-27 21:59:00+00:00,60,2010,Thursday,21,candidate_missing_source_block
EURUSD,2010-05-28 03:00:00+00:00,2010-05-28 03:59:00+00:00,60,2010,Friday,3,candidate_missing_source_block
EURUSD,2010-05-31 07:00:00+00:00,2010-05-31 07:59:00+00:00,60,2010,Monday,7,candidate_missing_source_block
EURUSD,2010-06-01 03:00:00+00:00,2010-06-01 03:59:00+00:00,60,2010,Tuesday,3,candidate_missing_source_block
EURUSD,2010-06-02 08:00:00+00:00,2010-06-02 08:59:00+00:00,60,2010,Wednesday,8,candidate_missing_source_block
EURUSD,2010-06-03 11:00:00+00:00,2010-06-03 11:59:00+00:00,60,2010,Thursday,11,candidate_missing_source_block
EURUSD,2010-06-03 13:00:00+00:00,2010-06-03 13:59:00+00:00,60,2010,Thursday,13,candidate_missing_source_block
EURUSD,2010-06-03 22:00:00+00:00,2010-06-03 22:59:00+00:00,60,2010,Thursday,22,candidate_missing_source_block
EURUSD,2010-06-04 15:00:00+00:00,2010-06-04 15:59:00+00:00,60,2010,Friday,15,candidate_missing_source_block
EURUSD,2010-06-07 23:00:00+00:00,2010-06-07 23:59:00+00:00,60,2010,Monday,23,candidate_missing_source_block
EURUSD,2010-06-08 01:00:00+00:00,2010-06-08 01:59:00+00:00,60,2010,Tuesday,1,candidate_missing_source_block
EURUSD,2010-06-08 13:00:00+00:00,2010-06-08 13:59:00+00:00,60,2010,Tuesday,13,candidate_missing_source_block
EURUSD,2010-06-09 01:00:00+00:00,2010-06-09 01:59:00+00:00,60,2010,Wednesday,1,candidate_missing_source_block
EURUSD,2010-06-09 11:00:00+00:00,2010-06-09 11:59:00+00:00,60,2010,Wednesday,11,candidate_missing_source_block
EURUSD,2010-06-09 15:00:00+00:00,2010-06-09 15:59:00+00:00,60,2010,Wednesday,15,candidate_missing_source_block
EURUSD,2010-06-09 19:00:00+00:00,2010-06-09 19:59:00+00:00,60,2010,Wednesday,19,candidate_missing_source_block
EURUSD,2010-06-10 01:00:00+00:00,2010-06-10 01:59:00+00:00,60,2010,Thursday,1,candidate_missing_source_block
EURUSD,2010-06-10 07:00:00+00:00,2010-06-10 07:59:00+00:00,60,2010,Thursday,7,candidate_missing_source_block
EURUSD,2010-06-10 12:00:00+00:00,2010-06-10 12:59:00+00:00,60,2010,Thursday,12,candidate_missing_source_block
EURUSD,2010-06-10 19:00:00+00:00,2010-06-10 19:59:00+00:00,60,2010,Thursday,19,candidate_missing_source_block
EURUSD,2010-06-11 03:00:00+00:00,2010-06-11 03:59:00+00:00,60,2010,Friday,3,candidate_missing_source_block
EURUSD,2010-06-14 02:00:00+00:00,2010-06-14 02:59:00+00:00,60,2010,Monday,2,candidate_missing_source_block
EURUSD,2010-06-14 12:00:00+00:00,2010-06-14 12:59:00+00:00,60,2010,Monday,12,candidate_missing_source_block
EURUSD,2010-06-15 07:00:00+00:00,2010-06-15 07:59:00+00:00,60,2010,Tuesday,7,candidate_missing_source_block
EURUSD,2010-06-15 10:00:00+00:00,2010-06-15 10:59:00+00:00,60,2010,Tuesday,10,candidate_missing_source_block
EURUSD,2010-06-16 05:00:00+00:00,2010-06-16 05:59:00+00:00,60,2010,Wednesday,5,candidate_missing_source_block
EURUSD,2010-06-17 03:00:00+00:00,2010-06-17 03:59:00+00:00,60,2010,Thursday,3,candidate_missing_source_block
EURUSD,2010-06-17 07:00:00+00:00,2010-06-17 07:59:00+00:00,60,2010,Thursday,7,candidate_missing_source_block
EURUSD,2010-06-18 02:00:00+00:00,2010-06-18 02:59:00+00:00,60,2010,Friday,2,candidate_missing_source_block
EURUSD,2010-06-18 05:00:00+00:00,2010-06-18 05:59:00+00:00,60,2010,Friday,5,candidate_missing_source_block
EURUSD,2010-06-18 07:00:00+00:00,2010-06-18 07:59:00+00:00,60,2010,Friday,7,candidate_missing_source_block
EURUSD,2010-06-21 18:00:00+00:00,2010-06-21 18:59:00+00:00,60,2010,Monday,18,candidate_missing_source_block
EURUSD,2010-06-23 12:00:00+00:00,2010-06-23 12:59:00+00:00,60,2010,Wednesday,12,candidate_missing_source_block
EURUSD,2010-06-24 01:00:00+00:00,2010-06-24 01:59:00+00:00,60,2010,Thursday,1,candidate_missing_source_block
EURUSD,2010-06-24 04:00:00+00:00,2010-06-24 04:59:00+00:00,60,2010,Thursday,4,candidate_missing_source_block
EURUSD,2010-06-24 10:00:00+00:00,2010-06-24 10:59:00+00:00,60,2010,Thursday,10,candidate_missing_source_block
EURUSD,2010-06-24 13:00:00+00:00,2010-06-24 13:59:00+00:00,60,2010,Thursday,13,candidate_missing_source_block
EURUSD,2010-06-24 20:00:00+00:00,2010-06-24 20:59:00+00:00,60,2010,Thursday,20,candidate_missing_source_block
EURUSD,2010-06-29 21:00:00+00:00,2010-06-29 21:59:00+00:00,60,2010,Tuesday,21,candidate_missing_source_block
EURUSD,2010-06-30 22:00:00+00:00,2010-06-30 22:59:00+00:00,60,2010,Wednesday,22,candidate_missing_source_block
EURUSD,2010-07-02 01:00:00+00:00,2010-07-02 01:59:00+00:00,60,2010,Friday,1,candidate_missing_source_block
EURUSD,2010-07-05 06:00:00+00:00,2010-07-05 06:59:00+00:00,60,2010,Monday,6,candidate_missing_source_block
EURUSD,2010-07-05 08:00:00+00:00,2010-07-05 08:59:00+00:00,60,2010,Monday,8,candidate_missing_source_block
EURUSD,2010-07-06 18:00:00+00:00,2010-07-06 18:59:00+00:00,60,2010,Tuesday,18,candidate_missing_source_block
EURUSD,2010-07-06 23:00:00+00:00,2010-07-06 23:59:00+00:00,60,2010,Tuesday,23,candidate_missing_source_block
EURUSD,2010-07-07 04:00:00+00:00,2010-07-07 04:59:00+00:00,60,2010,Wednesday,4,candidate_missing_source_block
EURUSD,2010-07-07 06:00:00+00:00,2010-07-07 06:59:00+00:00,60,2010,Wednesday,6,candidate_missing_source_block
EURUSD,2010-07-08 07:00:00+00:00,2010-07-08 07:59:00+00:00,60,2010,Thursday,7,candidate_missing_source_block
EURUSD,2010-07-09 12:00:00+00:00,2010-07-09 12:59:00+00:00,60,2010,Friday,12,candidate_missing_source_block
EURUSD,2010-07-09 19:00:00+00:00,2010-07-09 19:59:00+00:00,60,2010,Friday,19,candidate_missing_source_block
EURUSD,2010-07-12 01:00:00+00:00,2010-07-12 01:59:00+00:00,60,2010,Monday,1,candidate_missing_source_block
EURUSD,2010-07-12 20:00:00+00:00,2010-07-12 20:59:00+00:00,60,2010,Monday,20,candidate_missing_source_block
EURUSD,2010-07-14 12:00:00+00:00,2010-07-14 12:59:00+00:00,60,2010,Wednesday,12,candidate_missing_source_block
EURUSD,2010-07-16 00:00:00+00:00,2010-07-16 00:59:00+00:00,60,2010,Friday,0,candidate_missing_source_block
EURUSD,2010-07-19 00:00:00+00:00,2010-07-19 00:59:00+00:00,60,2010,Monday,0,candidate_missing_source_block
EURUSD,2010-07-20 00:00:00+00:00,2010-07-20 00:59:00+00:00,60,2010,Tuesday,0,candidate_missing_source_block
EURUSD,2010-07-20 04:00:00+00:00,2010-07-20 04:59:00+00:00,60,2010,Tuesday,4,candidate_missing_source_block
EURUSD,2010-07-21 02:00:00+00:00,2010-07-21 02:59:00+00:00,60,2010,Wednesday,2,candidate_missing_source_block
EURUSD,2010-07-21 23:00:00+00:00,2010-07-21 23:59:00+00:00,60,2010,Wednesday,23,candidate_missing_source_block
EURUSD,2010-07-22 12:00:00+00:00,2010-07-22 12:59:00+00:00,60,2010,Thursday,12,candidate_missing_source_block
EURUSD,2010-07-22 15:00:00+00:00,2010-07-22 15:59:00+00:00,60,2010,Thursday,15,candidate_missing_source_block
EURUSD,2010-07-26 13:00:00+00:00,2010-07-26 13:59:00+00:00,60,2010,Monday,13,candidate_missing_source_block
EURUSD,2010-07-27 00:00:00+00:00,2010-07-27 00:59:00+00:00,60,2010,Tuesday,0,candidate_missing_source_block
EURUSD,2010-07-27 08:00:00+00:00,2010-07-27 08:59:00+00:00,60,2010,Tuesday,8,candidate_missing_source_block
EURUSD,2010-07-28 13:00:00+00:00,2010-07-28 13:59:00+00:00,60,2010,Wednesday,13,candidate_missing_source_block
EURUSD,2010-07-29 11:00:00+00:00,2010-07-29 11:59:00+00:00,60,2010,Thursday,11,candidate_missing_source_block
EURUSD,2010-07-29 20:00:00+00:00,2010-07-29 20:59:00+00:00,60,2010,Thursday,20,candidate_missing_source_block
EURUSD,2010-07-30 12:00:00+00:00,2010-07-30 12:59:00+00:00,60,2010,Friday,12,candidate_missing_source_block
EURUSD,2010-08-04 07:00:00+00:00,2010-08-04 07:59:00+00:00,60,2010,Wednesday,7,candidate_missing_source_block
EURUSD,2010-08-04 16:00:00+00:00,2010-08-04 16:59:00+00:00,60,2010,Wednesday,16,candidate_missing_source_block
EURUSD,2010-08-05 21:00:00+00:00,2010-08-05 21:59:00+00:00,60,2010,Thursday,21,candidate_missing_source_block
EURUSD,2010-08-11 00:00:00+00:00,2010-08-11 00:59:00+00:00,60,2010,Wednesday,0,candidate_missing_source_block
EURUSD,2010-08-13 12:00:00+00:00,2010-08-13 12:59:00+00:00,60,2010,Friday,12,candidate_missing_source_block
EURUSD,2010-08-13 17:00:00+00:00,2010-08-13 17:59:00+00:00,60,2010,Friday,17,candidate_missing_source_block
EURUSD,2010-08-16 02:00:00+00:00,2010-08-16 02:59:00+00:00,60,2010,Monday,2,candidate_missing_source_block
EURUSD,2010-08-17 08:00:00+00:00,2010-08-17 08:59:00+00:00,60,2010,Tuesday,8,candidate_missing_source_block
EURUSD,2010-08-18 05:00:00+00:00,2010-08-18 05:59:00+00:00,60,2010,Wednesday,5,candidate_missing_source_block
EURUSD,2010-08-18 21:00:00+00:00,2010-08-18 21:59:00+00:00,60,2010,Wednesday,21,candidate_missing_source_block
EURUSD,2010-08-19 22:00:00+00:00,2010-08-19 22:59:00+00:00,60,2010,Thursday,22,candidate_missing_source_block
EURUSD,2010-08-20 06:00:00+00:00,2010-08-20 06:59:00+00:00,60,2010,Friday,6,candidate_missing_source_block
EURUSD,2010-08-22 23:00:00+00:00,2010-08-22 23:59:00+00:00,60,2010,Sunday,23,candidate_missing_source_block
EURUSD,2010-08-24 08:00:00+00:00,2010-08-24 08:59:00+00:00,60,2010,Tuesday,8,candidate_missing_source_block
EURUSD,2010-08-25 03:00:00+00:00,2010-08-25 03:59:00+00:00,60,2010,Wednesday,3,candidate_missing_source_block
EURUSD,2010-08-27 07:00:00+00:00,2010-08-27 07:59:00+00:00,60,2010,Friday,7,candidate_missing_source_block
EURUSD,2010-08-30 06:00:00+00:00,2010-08-30 06:59:00+00:00,60,2010,Monday,6,candidate_missing_source_block
EURUSD,2010-09-01 02:00:00+00:00,2010-09-01 02:59:00+00:00,60,2010,Wednesday,2,candidate_missing_source_block
EURUSD,2010-09-01 23:00:00+00:00,2010-09-01 23:59:00+00:00,60,2010,Wednesday,23,candidate_missing_source_block
EURUSD,2010-09-02 14:00:00+00:00,2010-09-02 14:59:00+00:00,60,2010,Thursday,14,candidate_missing_source_block
EURUSD,2010-09-02 19:00:00+00:00,2010-09-02 19:59:00+00:00,60,2010,Thursday,19,candidate_missing_source_block
EURUSD,2010-09-03 02:00:00+00:00,2010-09-03 02:59:00+00:00,60,2010,Friday,2,candidate_missing_source_block
EURUSD,2010-09-06 09:00:00+00:00,2010-09-06 09:59:00+00:00,60,2010,Monday,9,candidate_missing_source_block
EURUSD,2010-09-06 12:00:00+00:00,2010-09-06 12:59:00+00:00,60,2010,Monday,12,candidate_missing_source_block
EURUSD,2010-09-06 20:00:00+00:00,2010-09-06 20:59:00+00:00,60,2010,Monday,20,candidate_missing_source_block
EURUSD,2010-09-07 06:00:00+00:00,2010-09-07 06:59:00+00:00,60,2010,Tuesday,6,candidate_missing_source_block
EURUSD,2010-09-07 23:00:00+00:00,2010-09-07 23:59:00+00:00,60,2010,Tuesday,23,candidate_missing_source_block
EURUSD,2010-09-09 06:00:00+00:00,2010-09-09 06:59:00+00:00,60,2010,Thursday,6,candidate_missing_source_block
EURUSD,2010-09-09 08:00:00+00:00,2010-09-09 08:59:00+00:00,60,2010,Thursday,8,candidate_missing_source_block
EURUSD,2010-09-10 02:00:00+00:00,2010-09-10 02:59:00+00:00,60,2010,Friday,2,candidate_missing_source_block
EURUSD,2010-09-10 11:00:00+00:00,2010-09-10 11:59:00+00:00,60,2010,Friday,11,candidate_missing_source_block
EURUSD,2010-09-10 15:00:00+00:00,2010-09-10 15:59:00+00:00,60,2010,Friday,15,candidate_missing_source_block
EURUSD,2010-09-13 01:00:00+00:00,2010-09-13 01:59:00+00:00,60,2010,Monday,1,candidate_missing_source_block
EURUSD,2010-09-13 06:00:00+00:00,2010-09-13 06:59:00+00:00,60,2010,Monday,6,candidate_missing_source_block
EURUSD,2010-09-14 14:00:00+00:00,2010-09-14 14:59:00+00:00,60,2010,Tuesday,14,candidate_missing_source_block
EURUSD,2010-09-15 02:00:00+00:00,2010-09-15 02:59:00+00:00,60,2010,Wednesday,2,candidate_missing_source_block
EURUSD,2010-09-16 05:00:00+00:00,2010-09-16 05:59:00+00:00,60,2010,Thursday,5,candidate_missing_source_block
EURUSD,2010-09-16 17:00:00+00:00,2010-09-16 17:59:00+00:00,60,2010,Thursday,17,candidate_missing_source_block
EURUSD,2010-09-16 20:00:00+00:00,2010-09-16 20:59:00+00:00,60,2010,Thursday,20,candidate_missing_source_block
EURUSD,2010-09-20 03:00:00+00:00,2010-09-20 03:59:00+00:00,60,2010,Monday,3,candidate_missing_source_block
EURUSD,2010-09-20 14:00:00+00:00,2010-09-20 14:59:00+00:00,60,2010,Monday,14,candidate_missing_source_block
EURUSD,2010-09-20 19:00:00+00:00,2010-09-20 19:59:00+00:00,60,2010,Monday,19,candidate_missing_source_block
EURUSD,2010-09-21 00:00:00+00:00,2010-09-21 00:59:00+00:00,60,2010,Tuesday,0,candidate_missing_source_block
EURUSD,2010-10-12 05:00:00+00:00,2010-10-12 05:59:00+00:00,60,2010,Tuesday,5,candidate_missing_source_block
EURUSD,2011-07-11 20:00:00+00:00,2011-07-11 20:59:00+00:00,60,2011,Monday,20,candidate_missing_source_block
EURUSD,2011-07-29 04:00:00+00:00,2011-07-29 04:59:00+00:00,60,2011,Friday,4,candidate_missing_source_block
EURUSD,2011-08-03 03:00:00+00:00,2011-08-03 03:59:00+00:00,60,2011,Wednesday,3,candidate_missing_source_block
EURUSD,2011-08-23 13:00:00+00:00,2011-08-23 13:59:00+00:00,60,2011,Tuesday,13,candidate_missing_source_block
EURUSD,2011-09-02 01:00:00+00:00,2011-09-02 01:59:00+00:00,60,2011,Friday,1,candidate_missing_source_block
EURUSD,2011-09-21 20:00:00+00:00,2011-09-21 20:59:00+00:00,60,2011,Wednesday,20,candidate_missing_source_block
EURUSD,2011-09-22 18:00:00+00:00,2011-09-22 18:59:00+00:00,60,2011,Thursday,18,candidate_missing_source_block
EURUSD,2011-09-26 06:00:00+00:00,2011-09-26 06:59:00+00:00,60,2011,Monday,6,candidate_missing_source_block
EURUSD,2011-10-07 19:00:00+00:00,2011-10-07 19:59:00+00:00,60,2011,Friday,19,candidate_missing_source_block
EURUSD,2011-10-14 08:00:00+00:00,2011-10-14 08:59:00+00:00,60,2011,Friday,8,candidate_missing_source_block
EURUSD,2011-10-21 13:00:00+00:00,2011-10-21 13:59:00+00:00,60,2011,Friday,13,candidate_missing_source_block
EURUSD,2011-10-24 11:00:00+00:00,2011-10-24 11:59:00+00:00,60,2011,Monday,11,candidate_missing_source_block
EURUSD,2011-10-25 06:00:00+00:00,2011-10-25 06:59:00+00:00,60,2011,Tuesday,6,candidate_missing_source_block
EURUSD,2011-10-31 23:00:00+00:00,2011-10-31 23:59:00+00:00,60,2011,Monday,23,candidate_missing_source_block
EURUSD,2011-11-01 21:00:00+00:00,2011-11-01 21:59:00+00:00,60,2011,Tuesday,21,candidate_missing_source_block
EURUSD,2011-11-03 16:00:00+00:00,2011-11-03 16:59:00+00:00,60,2011,Thursday,16,candidate_missing_source_block
EURUSD,2011-11-11 11:00:00+00:00,2011-11-11 11:59:00+00:00,60,2011,Friday,11,candidate_missing_source_block
EURUSD,2011-11-18 12:00:00+00:00,2011-11-18 12:59:00+00:00,60,2011,Friday,12,candidate_missing_source_block
EURUSD,2011-11-22 11:00:00+00:00,2011-11-22 11:59:00+00:00,60,2011,Tuesday,11,candidate_missing_source_block
EURUSD,2011-11-24 21:00:00+00:00,2011-11-24 21:59:00+00:00,60,2011,Thursday,21,candidate_missing_source_block
EURUSD,2011-12-05 16:00:00+00:00,2011-12-05 16:59:00+00:00,60,2011,Monday,16,candidate_missing_source_block
EURUSD,2011-12-05 22:00:00+00:00,2011-12-05 22:59:00+00:00,60,2011,Monday,22,candidate_missing_source_block
EURUSD,2011-12-13 11:00:00+00:00,2011-12-13 11:59:00+00:00,60,2011,Tuesday,11,candidate_missing_source_block
EURUSD,2011-12-23 17:00:00+00:00,2011-12-23 17:59:00+00:00,60,2011,Friday,17,candidate_missing_source_block
EURUSD,2011-12-28 23:00:00+00:00,2011-12-28 23:59:00+00:00,60,2011,Wednesday,23,candidate_missing_source_block
EURUSD,2011-12-29 06:00:00+00:00,2011-12-29 06:59:00+00:00,60,2011,Thursday,6,candidate_missing_source_block
EURUSD,2012-01-11 01:00:00+00:00,2012-01-11 01:59:00+00:00,60,2012,Wednesday,1,candidate_missing_source_block
EURUSD,2012-01-11 23:00:00+00:00,2012-01-11 23:59:00+00:00,60,2012,Wednesday,23,candidate_missing_source_block
EURUSD,2012-02-13 00:00:00+00:00,2012-02-13 00:59:00+00:00,60,2012,Monday,0,candidate_missing_source_block
EURUSD,2012-02-28 19:00:00+00:00,2012-02-28 19:59:00+00:00,60,2012,Tuesday,19,candidate_missing_source_block
EURUSD,2012-03-01 02:00:00+00:00,2012-03-01 02:59:00+00:00,60,2012,Thursday,2,candidate_missing_source_block
EURUSD,2012-03-19 03:00:00+00:00,2012-03-19 03:59:00+00:00,60,2012,Monday,3,candidate_missing_source_block
EURUSD,2012-03-27 18:00:00+00:00,2012-03-27 18:59:00+00:00,60,2012,Tuesday,18,candidate_missing_source_block
EURUSD,2012-03-28 03:00:00+00:00,2012-03-28 03:59:00+00:00,60,2012,Wednesday,3,candidate_missing_source_block
EURUSD,2012-03-28 16:00:00+00:00,2012-03-28 16:59:00+00:00,60,2012,Wednesday,16,candidate_missing_source_block
EURUSD,2012-03-30 03:00:00+00:00,2012-03-30 03:59:00+00:00,60,2012,Friday,3,candidate_missing_source_block
EURUSD,2012-04-03 07:00:00+00:00,2012-04-03 07:59:00+00:00,60,2012,Tuesday,7,candidate_missing_source_block
EURUSD,2012-04-04 01:00:00+00:00,2012-04-04 01:59:00+00:00,60,2012,Wednesday,1,candidate_missing_source_block
EURUSD,2012-04-06 01:00:00+00:00,2012-04-06 01:59:00+00:00,60,2012,Friday,1,candidate_missing_source_block
EURUSD,2012-04-11 07:00:00+00:00,2012-04-11 07:59:00+00:00,60,2012,Wednesday,7,candidate_missing_source_block
EURUSD,2012-04-17 07:00:00+00:00,2012-04-17 07:59:00+00:00,60,2012,Tuesday,7,candidate_missing_source_block
EURUSD,2012-05-01 17:00:00+00:00,2012-05-01 17:59:00+00:00,60,2012,Tuesday,17,candidate_missing_source_block
EURUSD,2012-05-01 19:00:00+00:00,2012-05-01 19:59:00+00:00,60,2012,Tuesday,19,candidate_missing_source_block
EURUSD,2012-05-02 21:00:00+00:00,2012-05-02 21:59:00+00:00,60,2012,Wednesday,21,candidate_missing_source_block
EURUSD,2012-05-07 14:00:00+00:00,2012-05-07 14:59:00+00:00,60,2012,Monday,14,candidate_missing_source_block
EURUSD,2012-05-08 22:00:00+00:00,2012-05-08 22:59:00+00:00,60,2012,Tuesday,22,candidate_missing_source_block
EURUSD,2012-05-11 15:00:00+00:00,2012-05-11 15:59:00+00:00,60,2012,Friday,15,candidate_missing_source_block
EURUSD,2012-05-15 22:00:00+00:00,2012-05-15 22:59:00+00:00,60,2012,Tuesday,22,candidate_missing_source_block
EURUSD,2012-05-16 11:00:00+00:00,2012-05-16 11:59:00+00:00,60,2012,Wednesday,11,candidate_missing_source_block
EURUSD,2012-05-17 05:00:00+00:00,2012-05-17 05:59:00+00:00,60,2012,Thursday,5,candidate_missing_source_block
EURUSD,2012-05-29 02:00:00+00:00,2012-05-29 02:59:00+00:00,60,2012,Tuesday,2,candidate_missing_source_block
EURUSD,2012-05-30 07:00:00+00:00,2012-05-30 07:59:00+00:00,60,2012,Wednesday,7,candidate_missing_source_block
EURUSD,2012-06-06 04:00:00+00:00,2012-06-06 04:59:00+00:00,60,2012,Wednesday,4,candidate_missing_source_block
EURUSD,2012-06-18 04:00:00+00:00,2012-06-18 04:59:00+00:00,60,2012,Monday,4,candidate_missing_source_block
EURUSD,2012-06-19 10:00:00+00:00,2012-06-19 10:59:00+00:00,60,2012,Tuesday,10,candidate_missing_source_block
EURUSD,2012-06-25 19:00:00+00:00,2012-06-25 19:59:00+00:00,60,2012,Monday,19,candidate_missing_source_block
EURUSD,2012-06-26 00:00:00+00:00,2012-06-26 00:59:00+00:00,60,2012,Tuesday,0,candidate_missing_source_block
EURUSD,2012-06-28 00:00:00+00:00,2012-06-28 00:59:00+00:00,60,2012,Thursday,0,candidate_missing_source_block
EURUSD,2012-07-02 02:00:00+00:00,2012-07-02 02:59:00+00:00,60,2012,Monday,2,candidate_missing_source_block
EURUSD,2012-07-04 20:00:00+00:00,2012-07-04 20:59:00+00:00,60,2012,Wednesday,20,candidate_missing_source_block
EURUSD,2012-07-06 14:00:00+00:00,2012-07-06 14:59:00+00:00,60,2012,Friday,14,candidate_missing_source_block
EURUSD,2012-07-10 02:00:00+00:00,2012-07-10 02:59:00+00:00,60,2012,Tuesday,2,candidate_missing_source_block
EURUSD,2012-07-19 09:00:00+00:00,2012-07-19 09:59:00+00:00,60,2012,Thursday,9,candidate_missing_source_block
EURUSD,2012-07-22 23:00:00+00:00,2012-07-22 23:59:00+00:00,60,2012,Sunday,23,candidate_missing_source_block
EURUSD,2012-07-23 19:00:00+00:00,2012-07-23 19:59:00+00:00,60,2012,Monday,19,candidate_missing_source_block
EURUSD,2012-07-24 11:00:00+00:00,2012-07-24 11:59:00+00:00,60,2012,Tuesday,11,candidate_missing_source_block
EURUSD,2012-07-27 07:00:00+00:00,2012-07-27 07:59:00+00:00,60,2012,Friday,7,candidate_missing_source_block
EURUSD,2012-08-02 02:00:00+00:00,2012-08-02 02:59:00+00:00,60,2012,Thursday,2,candidate_missing_source_block
EURUSD,2012-08-03 15:00:00+00:00,2012-08-03 15:59:00+00:00,60,2012,Friday,15,candidate_missing_source_block
EURUSD,2012-08-09 12:00:00+00:00,2012-08-09 12:59:00+00:00,60,2012,Thursday,12,candidate_missing_source_block
EURUSD,2012-08-15 07:00:00+00:00,2012-08-15 07:59:00+00:00,60,2012,Wednesday,7,candidate_missing_source_block
EURUSD,2012-08-15 23:00:00+00:00,2012-08-15 23:59:00+00:00,60,2012,Wednesday,23,candidate_missing_source_block
EURUSD,2012-08-20 15:00:00+00:00,2012-08-20 15:59:00+00:00,60,2012,Monday,15,candidate_missing_source_block
EURUSD,2012-08-24 17:00:00+00:00,2012-08-24 17:59:00+00:00,60,2012,Friday,17,candidate_missing_source_block
EURUSD,2012-08-27 05:00:00+00:00,2012-08-27 05:59:00+00:00,60,2012,Monday,5,candidate_missing_source_block
EURUSD,2012-08-29 02:00:00+00:00,2012-08-29 02:59:00+00:00,60,2012,Wednesday,2,candidate_missing_source_block
EURUSD,2012-09-06 11:00:00+00:00,2012-09-06 11:59:00+00:00,60,2012,Thursday,11,candidate_missing_source_block
EURUSD,2012-09-12 06:00:00+00:00,2012-09-12 06:59:00+00:00,60,2012,Wednesday,6,candidate_missing_source_block
EURUSD,2012-09-12 17:00:00+00:00,2012-09-12 17:59:00+00:00,60,2012,Wednesday,17,candidate_missing_source_block
EURUSD,2012-09-13 15:00:00+00:00,2012-09-13 15:59:00+00:00,60,2012,Thursday,15,candidate_missing_source_block
EURUSD,2012-09-17 10:00:00+00:00,2012-09-17 10:59:00+00:00,60,2012,Monday,10,candidate_missing_source_block
EURUSD,2012-09-18 13:00:00+00:00,2012-09-18 13:59:00+00:00,60,2012,Tuesday,13,candidate_missing_source_block
EURUSD,2012-09-20 16:00:00+00:00,2012-09-20 16:59:00+00:00,60,2012,Thursday,16,candidate_missing_source_block
EURUSD,2012-09-27 11:00:00+00:00,2012-09-27 11:59:00+00:00,60,2012,Thursday,11,candidate_missing_source_block
EURUSD,2012-09-28 09:00:00+00:00,2012-09-28 09:59:00+00:00,60,2012,Friday,9,candidate_missing_source_block
EURUSD,2012-10-04 03:00:00+00:00,2012-10-04 03:59:00+00:00,60,2012,Thursday,3,candidate_missing_source_block
EURUSD,2012-10-09 06:00:00+00:00,2012-10-09 06:59:00+00:00,60,2012,Tuesday,6,candidate_missing_source_block
EURUSD,2012-10-23 18:00:00+00:00,2012-10-23 18:59:00+00:00,60,2012,Tuesday,18,candidate_missing_source_block
EURUSD,2012-11-01 07:00:00+00:00,2012-11-01 07:59:00+00:00,60,2012,Thursday,7,candidate_missing_source_block
EURUSD,2012-11-07 04:00:00+00:00,2012-11-07 04:59:00+00:00,60,2012,Wednesday,4,candidate_missing_source_block
EURUSD,2012-11-07 09:00:00+00:00,2012-11-07 09:59:00+00:00,60,2012,Wednesday,9,candidate_missing_source_block
EURUSD,2012-11-08 09:00:00+00:00,2012-11-08 09:59:00+00:00,60,2012,Thursday,9,candidate_missing_source_block
EURUSD,2012-11-13 07:00:00+00:00,2012-11-13 07:59:00+00:00,60,2012,Tuesday,7,candidate_missing_source_block
EURUSD,2012-11-14 01:00:00+00:00,2012-11-14 01:59:00+00:00,60,2012,Wednesday,1,candidate_missing_source_block
EURUSD,2012-11-30 06:00:00+00:00,2012-11-30 06:59:00+00:00,60,2012,Friday,6,candidate_missing_source_block
EURUSD,2012-12-07 17:00:00+00:00,2012-12-07 17:59:00+00:00,60,2012,Friday,17,candidate_missing_source_block
EURUSD,2012-12-10 17:00:00+00:00,2012-12-10 17:59:00+00:00,60,2012,Monday,17,candidate_missing_source_block
EURUSD,2012-12-25 11:00:00+00:00,2012-12-25 11:59:00+00:00,60,2012,Tuesday,11,candidate_missing_source_block
EURUSD,2012-12-26 06:00:00+00:00,2012-12-26 06:59:00+00:00,60,2012,Wednesday,6,candidate_missing_source_block
EURUSD,2013-01-02 07:00:00+00:00,2013-01-02 07:59:00+00:00,60,2013,Wednesday,7,candidate_missing_source_block
EURUSD,2013-01-08 16:00:00+00:00,2013-01-08 16:59:00+00:00,60,2013,Tuesday,16,candidate_missing_source_block
EURUSD,2013-01-21 10:00:00+00:00,2013-01-21 10:59:00+00:00,60,2013,Monday,10,candidate_missing_source_block
EURUSD,2013-01-29 06:00:00+00:00,2013-01-29 06:59:00+00:00,60,2013,Tuesday,6,candidate_missing_source_block
EURUSD,2013-01-29 19:00:00+00:00,2013-01-29 19:59:00+00:00,60,2013,Tuesday,19,candidate_missing_source_block
EURUSD,2013-01-31 23:00:00+00:00,2013-01-31 23:59:00+00:00,60,2013,Thursday,23,candidate_missing_source_block
EURUSD,2013-02-07 08:00:00+00:00,2013-02-07 08:59:00+00:00,60,2013,Thursday,8,candidate_missing_source_block
EURUSD,2013-02-08 14:00:00+00:00,2013-02-08 14:59:00+00:00,60,2013,Friday,14,candidate_missing_source_block
EURUSD,2013-02-18 07:00:00+00:00,2013-02-18 07:59:00+00:00,60,2013,Monday,7,candidate_missing_source_block
EURUSD,2013-02-21 13:00:00+00:00,2013-02-21 13:59:00+00:00,60,2013,Thursday,13,candidate_missing_source_block
EURUSD,2013-02-25 15:00:00+00:00,2013-02-25 15:59:00+00:00,60,2013,Monday,15,candidate_missing_source_block
EURUSD,2013-03-01 06:00:00+00:00,2013-03-01 06:59:00+00:00,60,2013,Friday,6,candidate_missing_source_block
EURUSD,2013-03-06 14:00:00+00:00,2013-03-06 14:59:00+00:00,60,2013,Wednesday,14,candidate_missing_source_block
EURUSD,2013-03-08 10:00:00+00:00,2013-03-08 10:59:00+00:00,60,2013,Friday,10,candidate_missing_source_block
EURUSD,2013-03-08 17:00:00+00:00,2013-03-08 17:59:00+00:00,60,2013,Friday,17,candidate_missing_source_block
EURUSD,2013-03-20 22:00:00+00:00,2013-03-20 22:59:00+00:00,60,2013,Wednesday,22,candidate_missing_source_block
EURUSD,2013-03-21 02:00:00+00:00,2013-03-21 02:59:00+00:00,60,2013,Thursday,2,candidate_missing_source_block
EURUSD,2013-03-21 09:00:00+00:00,2013-03-21 09:59:00+00:00,60,2013,Thursday,9,candidate_missing_source_block
EURUSD,2013-03-26 05:00:00+00:00,2013-03-26 05:59:00+00:00,60,2013,Tuesday,5,candidate_missing_source_block
EURUSD,2013-04-02 07:00:00+00:00,2013-04-02 07:59:00+00:00,60,2013,Tuesday,7,candidate_missing_source_block
EURUSD,2013-04-02 13:00:00+00:00,2013-04-02 13:59:00+00:00,60,2013,Tuesday,13,candidate_missing_source_block
EURUSD,2013-04-03 09:00:00+00:00,2013-04-03 09:59:00+00:00,60,2013,Wednesday,9,candidate_missing_source_block
EURUSD,2013-04-09 22:00:00+00:00,2013-04-09 22:59:00+00:00,60,2013,Tuesday,22,candidate_missing_source_block
EURUSD,2013-04-12 08:00:00+00:00,2013-04-12 08:59:00+00:00,60,2013,Friday,8,candidate_missing_source_block
EURUSD,2013-04-15 03:00:00+00:00,2013-04-15 03:59:00+00:00,60,2013,Monday,3,candidate_missing_source_block
EURUSD,2013-04-16 16:00:00+00:00,2013-04-16 16:59:00+00:00,60,2013,Tuesday,16,candidate_missing_source_block
EURUSD,2013-04-18 23:00:00+00:00,2013-04-18 23:59:00+00:00,60,2013,Thursday,23,candidate_missing_source_block
EURUSD,2013-04-23 19:00:00+00:00,2013-04-23 19:59:00+00:00,60,2013,Tuesday,19,candidate_missing_source_block
EURUSD,2013-05-08 00:00:00+00:00,2013-05-08 00:59:00+00:00,60,2013,Wednesday,0,candidate_missing_source_block
EURUSD,2013-05-09 17:00:00+00:00,2013-05-09 17:59:00+00:00,60,2013,Thursday,17,candidate_missing_source_block
EURUSD,2013-05-14 05:00:00+00:00,2013-05-14 05:59:00+00:00,60,2013,Tuesday,5,candidate_missing_source_block
EURUSD,2013-05-15 11:00:00+00:00,2013-05-15 11:59:00+00:00,60,2013,Wednesday,11,candidate_missing_source_block
EURUSD,2013-05-20 04:00:00+00:00,2013-05-20 04:59:00+00:00,60,2013,Monday,4,candidate_missing_source_block
EURUSD,2013-06-04 05:00:00+00:00,2013-06-04 05:59:00+00:00,60,2013,Tuesday,5,candidate_missing_source_block
EURUSD,2013-06-07 11:00:00+00:00,2013-06-07 11:59:00+00:00,60,2013,Friday,11,candidate_missing_source_block
EURUSD,2013-06-11 00:00:00+00:00,2013-06-11 00:59:00+00:00,60,2013,Tuesday,0,candidate_missing_source_block
EURUSD,2013-06-13 14:00:00+00:00,2013-06-13 14:59:00+00:00,60,2013,Thursday,14,candidate_missing_source_block
EURUSD,2013-06-21 11:00:00+00:00,2013-06-21 11:59:00+00:00,60,2013,Friday,11,candidate_missing_source_block
EURUSD,2013-06-25 21:00:00+00:00,2013-06-25 21:59:00+00:00,60,2013,Tuesday,21,candidate_missing_source_block
EURUSD,2013-06-28 03:00:00+00:00,2013-06-28 03:59:00+00:00,60,2013,Friday,3,candidate_missing_source_block
EURUSD,2013-07-01 05:00:00+00:00,2013-07-01 05:59:00+00:00,60,2013,Monday,5,candidate_missing_source_block
EURUSD,2013-07-01 10:00:00+00:00,2013-07-01 10:59:00+00:00,60,2013,Monday,10,candidate_missing_source_block
EURUSD,2013-07-08 23:00:00+00:00,2013-07-08 23:59:00+00:00,60,2013,Monday,23,candidate_missing_source_block
EURUSD,2013-07-11 09:00:00+00:00,2013-07-11 09:59:00+00:00,60,2013,Thursday,9,candidate_missing_source_block
EURUSD,2013-07-18 15:00:00+00:00,2013-07-18 15:59:00+00:00,60,2013,Thursday,15,candidate_missing_source_block
EURUSD,2013-08-07 10:00:00+00:00,2013-08-07 10:59:00+00:00,60,2013,Wednesday,10,candidate_missing_source_block
EURUSD,2013-08-07 18:00:00+00:00,2013-08-07 18:59:00+00:00,60,2013,Wednesday,18,candidate_missing_source_block
EURUSD,2013-08-23 02:00:00+00:00,2013-08-23 02:59:00+00:00,60,2013,Friday,2,candidate_missing_source_block
EURUSD,2013-08-29 06:00:00+00:00,2013-08-29 06:59:00+00:00,60,2013,Thursday,6,candidate_missing_source_block
EURUSD,2013-08-30 03:00:00+00:00,2013-08-30 03:59:00+00:00,60,2013,Friday,3,candidate_missing_source_block
EURUSD,2013-09-03 20:00:00+00:00,2013-09-03 20:59:00+00:00,60,2013,Tuesday,20,candidate_missing_source_block
EURUSD,2013-09-10 12:00:00+00:00,2013-09-10 12:59:00+00:00,60,2013,Tuesday,12,candidate_missing_source_block
EURUSD,2013-09-11 10:00:00+00:00,2013-09-11 10:59:00+00:00,60,2013,Wednesday,10,candidate_missing_source_block
EURUSD,2013-09-12 14:00:00+00:00,2013-09-12 14:59:00+00:00,60,2013,Thursday,14,candidate_missing_source_block
EURUSD,2013-09-13 13:00:00+00:00,2013-09-13 13:59:00+00:00,60,2013,Friday,13,candidate_missing_source_block
EURUSD,2013-09-24 04:00:00+00:00,2013-09-24 04:59:00+00:00,60,2013,Tuesday,4,candidate_missing_source_block
EURUSD,2013-09-26 14:00:00+00:00,2013-09-26 14:59:00+00:00,60,2013,Thursday,14,candidate_missing_source_block
EURUSD,2013-09-27 03:00:00+00:00,2013-09-27 03:59:00+00:00,60,2013,Friday,3,candidate_missing_source_block
EURUSD,2013-10-02 15:00:00+00:00,2013-10-02 15:59:00+00:00,60,2013,Wednesday,15,candidate_missing_source_block
EURUSD,2013-10-02 19:00:00+00:00,2013-10-02 19:59:00+00:00,60,2013,Wednesday,19,candidate_missing_source_block
EURUSD,2013-10-08 03:00:00+00:00,2013-10-08 03:59:00+00:00,60,2013,Tuesday,3,candidate_missing_source_block
EURUSD,2013-10-10 00:00:00+00:00,2013-10-10 00:59:00+00:00,60,2013,Thursday,0,candidate_missing_source_block
EURUSD,2013-10-14 18:00:00+00:00,2013-10-14 18:59:00+00:00,60,2013,Monday,18,candidate_missing_source_block
EURUSD,2013-10-22 04:00:00+00:00,2013-10-22 04:59:00+00:00,60,2013,Tuesday,4,candidate_missing_source_block
EURUSD,2013-10-31 13:00:00+00:00,2013-10-31 13:59:00+00:00,60,2013,Thursday,13,candidate_missing_source_block
EURUSD,2013-10-31 22:00:00+00:00,2013-10-31 22:59:00+00:00,60,2013,Thursday,22,candidate_missing_source_block
EURUSD,2013-11-01 04:00:00+00:00,2013-11-01 04:59:00+00:00,60,2013,Friday,4,candidate_missing_source_block
EURUSD,2013-11-08 19:00:00+00:00,2013-11-08 19:59:00+00:00,60,2013,Friday,19,candidate_missing_source_block
EURUSD,2013-11-14 00:00:00+00:00,2013-11-14 00:59:00+00:00,60,2013,Thursday,0,candidate_missing_source_block
EURUSD,2013-11-18 03:00:00+00:00,2013-11-18 03:59:00+00:00,60,2013,Monday,3,candidate_missing_source_block
EURUSD,2013-11-19 01:00:00+00:00,2013-11-19 01:59:00+00:00,60,2013,Tuesday,1,candidate_missing_source_block
EURUSD,2013-11-20 07:00:00+00:00,2013-11-20 07:59:00+00:00,60,2013,Wednesday,7,candidate_missing_source_block
EURUSD,2013-11-25 11:00:00+00:00,2013-11-25 11:59:00+00:00,60,2013,Monday,11,candidate_missing_source_block
EURUSD,2013-12-02 06:00:00+00:00,2013-12-02 06:59:00+00:00,60,2013,Monday,6,candidate_missing_source_block
EURUSD,2013-12-03 17:00:00+00:00,2013-12-03 17:59:00+00:00,60,2013,Tuesday,17,candidate_missing_source_block
EURUSD,2013-12-04 00:00:00+00:00,2013-12-04 00:59:00+00:00,60,2013,Wednesday,0,candidate_missing_source_block
EURUSD,2013-12-04 20:00:00+00:00,2013-12-04 20:59:00+00:00,60,2013,Wednesday,20,candidate_missing_source_block
EURUSD,2013-12-06 02:00:00+00:00,2013-12-06 02:59:00+00:00,60,2013,Friday,2,candidate_missing_source_block
EURUSD,2013-12-06 13:00:00+00:00,2013-12-06 13:59:00+00:00,60,2013,Friday,13,candidate_missing_source_block
EURUSD,2013-12-09 13:00:00+00:00,2013-12-09 13:59:00+00:00,60,2013,Monday,13,candidate_missing_source_block
EURUSD,2013-12-16 11:00:00+00:00,2013-12-16 11:59:00+00:00,60,2013,Monday,11,candidate_missing_source_block
EURUSD,2013-12-23 11:00:00+00:00,2013-12-23 11:59:00+00:00,60,2013,Monday,11,candidate_missing_source_block
EURUSD,2013-12-27 11:00:00+00:00,2013-12-27 11:59:00+00:00,60,2013,Friday,11,candidate_missing_source_block
EURUSD,2014-01-02 19:00:00+00:00,2014-01-02 19:59:00+00:00,60,2014,Thursday,19,candidate_missing_source_block
EURUSD,2014-01-02 23:00:00+00:00,2014-01-02 23:59:00+00:00,60,2014,Thursday,23,candidate_missing_source_block
EURUSD,2014-01-03 09:00:00+00:00,2014-01-03 09:59:00+00:00,60,2014,Friday,9,candidate_missing_source_block
EURUSD,2014-01-03 18:00:00+00:00,2014-01-03 18:59:00+00:00,60,2014,Friday,18,candidate_missing_source_block
EURUSD,2014-01-06 19:00:00+00:00,2014-01-06 19:59:00+00:00,60,2014,Monday,19,candidate_missing_source_block
EURUSD,2014-01-15 18:00:00+00:00,2014-01-15 18:59:00+00:00,60,2014,Wednesday,18,candidate_missing_source_block
EURUSD,2014-01-21 05:00:00+00:00,2014-01-21 05:59:00+00:00,60,2014,Tuesday,5,candidate_missing_source_block
EURUSD,2014-01-29 23:00:00+00:00,2014-01-29 23:59:00+00:00,60,2014,Wednesday,23,candidate_missing_source_block
EURUSD,2014-01-31 07:00:00+00:00,2014-01-31 07:59:00+00:00,60,2014,Friday,7,candidate_missing_source_block
EURUSD,2014-02-04 00:00:00+00:00,2014-02-04 00:59:00+00:00,60,2014,Tuesday,0,candidate_missing_source_block
EURUSD,2014-02-05 10:00:00+00:00,2014-02-05 10:59:00+00:00,60,2014,Wednesday,10,candidate_missing_source_block
EURUSD,2014-02-11 04:00:00+00:00,2014-02-11 04:59:00+00:00,60,2014,Tuesday,4,candidate_missing_source_block
EURUSD,2014-02-17 09:00:00+00:00,2014-02-17 09:59:00+00:00,60,2014,Monday,9,candidate_missing_source_block
EURUSD,2014-02-19 13:00:00+00:00,2014-02-19 13:59:00+00:00,60,2014,Wednesday,13,candidate_missing_source_block
EURUSD,2014-03-05 13:00:00+00:00,2014-03-05 13:59:00+00:00,60,2014,Wednesday,13,candidate_missing_source_block
EURUSD,2014-03-06 13:00:00+00:00,2014-03-06 13:59:00+00:00,60,2014,Thursday,13,candidate_missing_source_block
EURUSD,2014-03-10 02:00:00+00:00,2014-03-10 02:59:00+00:00,60,2014,Monday,2,candidate_missing_source_block
EURUSD,2014-03-13 12:00:00+00:00,2014-03-13 12:59:00+00:00,60,2014,Thursday,12,candidate_missing_source_block
EURUSD,2014-03-14 13:00:00+00:00,2014-03-14 13:59:00+00:00,60,2014,Friday,13,candidate_missing_source_block
EURUSD,2014-03-18 05:00:00+00:00,2014-03-18 05:59:00+00:00,60,2014,Tuesday,5,candidate_missing_source_block
EURUSD,2014-03-19 09:00:00+00:00,2014-03-19 09:59:00+00:00,60,2014,Wednesday,9,candidate_missing_source_block
EURUSD,2014-03-24 08:00:00+00:00,2014-03-24 08:59:00+00:00,60,2014,Monday,8,candidate_missing_source_block
EURUSD,2014-03-26 07:00:00+00:00,2014-03-26 07:59:00+00:00,60,2014,Wednesday,7,candidate_missing_source_block
EURUSD,2014-04-02 03:00:00+00:00,2014-04-02 03:59:00+00:00,60,2014,Wednesday,3,candidate_missing_source_block
EURUSD,2014-04-02 20:00:00+00:00,2014-04-02 20:59:00+00:00,60,2014,Wednesday,20,candidate_missing_source_block
EURUSD,2014-04-09 16:00:00+00:00,2014-04-09 16:59:00+00:00,60,2014,Wednesday,16,candidate_missing_source_block
EURUSD,2014-04-15 04:00:00+00:00,2014-04-15 04:59:00+00:00,60,2014,Tuesday,4,candidate_missing_source_block
EURUSD,2014-04-15 22:00:00+00:00,2014-04-15 22:59:00+00:00,60,2014,Tuesday,22,candidate_missing_source_block
EURUSD,2014-04-16 06:00:00+00:00,2014-04-16 06:59:00+00:00,60,2014,Wednesday,6,candidate_missing_source_block
EURUSD,2014-04-21 03:00:00+00:00,2014-04-21 03:59:00+00:00,60,2014,Monday,3,candidate_missing_source_block
EURUSD,2014-04-28 19:00:00+00:00,2014-04-28 19:59:00+00:00,60,2014,Monday,19,candidate_missing_source_block
EURUSD,2014-05-07 21:00:00+00:00,2014-05-07 21:59:00+00:00,60,2014,Wednesday,21,candidate_missing_source_block
EURUSD,2014-05-08 13:00:00+00:00,2014-05-08 13:59:00+00:00,60,2014,Thursday,13,candidate_missing_source_block
EURUSD,2014-05-09 11:00:00+00:00,2014-05-09 11:59:00+00:00,60,2014,Friday,11,candidate_missing_source_block
EURUSD,2014-05-16 16:00:00+00:00,2014-05-16 16:59:00+00:00,60,2014,Friday,16,candidate_missing_source_block
EURUSD,2014-05-19 11:00:00+00:00,2014-05-19 11:59:00+00:00,60,2014,Monday,11,candidate_missing_source_block
EURUSD,2014-05-20 01:00:00+00:00,2014-05-20 01:59:00+00:00,60,2014,Tuesday,1,candidate_missing_source_block
EURUSD,2014-05-22 18:00:00+00:00,2014-05-22 18:59:00+00:00,60,2014,Thursday,18,candidate_missing_source_block
EURUSD,2014-05-28 08:00:00+00:00,2014-05-28 08:59:00+00:00,60,2014,Wednesday,8,candidate_missing_source_block
EURUSD,2014-05-29 14:00:00+00:00,2014-05-29 14:59:00+00:00,60,2014,Thursday,14,candidate_missing_source_block
EURUSD,2014-05-30 10:00:00+00:00,2014-05-30 10:59:00+00:00,60,2014,Friday,10,candidate_missing_source_block
EURUSD,2014-06-04 09:00:00+00:00,2014-06-04 09:59:00+00:00,60,2014,Wednesday,9,candidate_missing_source_block
EURUSD,2014-06-05 00:00:00+00:00,2014-06-05 00:59:00+00:00,60,2014,Thursday,0,candidate_missing_source_block
EURUSD,2014-06-05 12:00:00+00:00,2014-06-05 12:59:00+00:00,60,2014,Thursday,12,candidate_missing_source_block
EURUSD,2014-06-06 15:00:00+00:00,2014-06-06 15:59:00+00:00,60,2014,Friday,15,candidate_missing_source_block
EURUSD,2014-06-11 21:00:00+00:00,2014-06-11 21:59:00+00:00,60,2014,Wednesday,21,candidate_missing_source_block
EURUSD,2014-06-17 12:00:00+00:00,2014-06-17 12:59:00+00:00,60,2014,Tuesday,12,candidate_missing_source_block
EURUSD,2014-06-19 18:00:00+00:00,2014-06-19 18:59:00+00:00,60,2014,Thursday,18,candidate_missing_source_block
EURUSD,2014-06-24 05:00:00+00:00,2014-06-24 05:59:00+00:00,60,2014,Tuesday,5,candidate_missing_source_block
EURUSD,2014-06-27 00:00:00+00:00,2014-06-27 00:59:00+00:00,60,2014,Friday,0,candidate_missing_source_block
EURUSD,2014-07-04 10:00:00+00:00,2014-07-04 10:59:00+00:00,60,2014,Friday,10,candidate_missing_source_block
EURUSD,2014-07-08 05:00:00+00:00,2014-07-08 05:59:00+00:00,60,2014,Tuesday,5,candidate_missing_source_block
EURUSD,2014-07-08 13:00:00+00:00,2014-07-08 13:59:00+00:00,60,2014,Tuesday,13,candidate_missing_source_block
EURUSD,2014-07-14 18:00:00+00:00,2014-07-14 18:59:00+00:00,60,2014,Monday,18,candidate_missing_source_block
EURUSD,2014-07-15 15:00:00+00:00,2014-07-15 15:59:00+00:00,60,2014,Tuesday,15,candidate_missing_source_block
EURUSD,2014-07-22 06:00:00+00:00,2014-07-22 06:59:00+00:00,60,2014,Tuesday,6,candidate_missing_source_block
EURUSD,2014-07-23 04:00:00+00:00,2014-07-23 04:59:00+00:00,60,2014,Wednesday,4,candidate_missing_source_block
EURUSD,2014-07-24 23:00:00+00:00,2014-07-24 23:59:00+00:00,60,2014,Thursday,23,candidate_missing_source_block
EURUSD,2014-07-29 15:00:00+00:00,2014-07-29 15:59:00+00:00,60,2014,Tuesday,15,candidate_missing_source_block
EURUSD,2014-07-31 02:00:00+00:00,2014-07-31 02:59:00+00:00,60,2014,Thursday,2,candidate_missing_source_block
EURUSD,2014-08-05 21:00:00+00:00,2014-08-05 21:59:00+00:00,60,2014,Tuesday,21,candidate_missing_source_block
EURUSD,2014-08-07 17:00:00+00:00,2014-08-07 17:59:00+00:00,60,2014,Thursday,17,candidate_missing_source_block
EURUSD,2014-08-10 22:00:00+00:00,2014-08-10 22:59:00+00:00,60,2014,Sunday,22,candidate_missing_source_block
EURUSD,2014-08-19 19:00:00+00:00,2014-08-19 19:59:00+00:00,60,2014,Tuesday,19,candidate_missing_source_block
EURUSD,2014-08-19 22:00:00+00:00,2014-08-19 22:59:00+00:00,60,2014,Tuesday,22,candidate_missing_source_block
EURUSD,2014-08-27 12:00:00+00:00,2014-08-27 12:59:00+00:00,60,2014,Wednesday,12,candidate_missing_source_block
EURUSD,2014-09-02 08:00:00+00:00,2014-09-02 08:59:00+00:00,60,2014,Tuesday,8,candidate_missing_source_block
EURUSD,2014-09-04 18:00:00+00:00,2014-09-04 18:59:00+00:00,60,2014,Thursday,18,candidate_missing_source_block
EURUSD,2014-09-05 08:00:00+00:00,2014-09-05 08:59:00+00:00,60,2014,Friday,8,candidate_missing_source_block
EURUSD,2014-09-08 10:00:00+00:00,2014-09-08 10:59:00+00:00,60,2014,Monday,10,candidate_missing_source_block
EURUSD,2014-09-10 08:00:00+00:00,2014-09-10 08:59:00+00:00,60,2014,Wednesday,8,candidate_missing_source_block
EURUSD,2014-09-16 15:00:00+00:00,2014-09-16 15:59:00+00:00,60,2014,Tuesday,15,candidate_missing_source_block
EURUSD,2014-09-17 06:00:00+00:00,2014-09-17 06:59:00+00:00,60,2014,Wednesday,6,candidate_missing_source_block
EURUSD,2014-09-23 17:00:00+00:00,2014-09-23 17:59:00+00:00,60,2014,Tuesday,17,candidate_missing_source_block
EURUSD,2014-09-25 08:00:00+00:00,2014-09-25 08:59:00+00:00,60,2014,Thursday,8,candidate_missing_source_block
EURUSD,2014-09-25 16:00:00+00:00,2014-09-25 16:59:00+00:00,60,2014,Thursday,16,candidate_missing_source_block
EURUSD,2014-09-26 03:00:00+00:00,2014-09-26 03:59:00+00:00,60,2014,Friday,3,candidate_missing_source_block
EURUSD,2014-10-01 16:00:00+00:00,2014-10-01 16:59:00+00:00,60,2014,Wednesday,16,candidate_missing_source_block
EURUSD,2014-10-02 12:00:00+00:00,2014-10-02 12:59:00+00:00,60,2014,Thursday,12,candidate_missing_source_block
EURUSD,2014-10-03 01:00:00+00:00,2014-10-03 01:59:00+00:00,60,2014,Friday,1,candidate_missing_source_block
EURUSD,2014-10-03 11:00:00+00:00,2014-10-03 11:59:00+00:00,60,2014,Friday,11,candidate_missing_source_block
EURUSD,2014-10-06 19:00:00+00:00,2014-10-06 19:59:00+00:00,60,2014,Monday,19,candidate_missing_source_block
EURUSD,2014-10-13 09:00:00+00:00,2014-10-13 09:59:00+00:00,60,2014,Monday,9,candidate_missing_source_block
EURUSD,2014-10-14 19:00:00+00:00,2014-10-14 19:59:00+00:00,60,2014,Tuesday,19,candidate_missing_source_block
EURUSD,2014-10-16 14:00:00+00:00,2014-10-16 14:59:00+00:00,60,2014,Thursday,14,candidate_missing_source_block
EURUSD,2014-10-23 20:00:00+00:00,2014-10-23 20:59:00+00:00,60,2014,Thursday,20,candidate_missing_source_block
EURUSD,2014-10-27 03:00:00+00:00,2014-10-27 03:59:00+00:00,60,2014,Monday,3,candidate_missing_source_block
EURUSD,2014-10-31 15:00:00+00:00,2014-10-31 15:59:00+00:00,60,2014,Friday,15,candidate_missing_source_block
EURUSD,2014-11-03 16:00:00+00:00,2014-11-03 16:59:00+00:00,60,2014,Monday,16,candidate_missing_source_block
EURUSD,2014-11-04 13:00:00+00:00,2014-11-04 13:59:00+00:00,60,2014,Tuesday,13,candidate_missing_source_block
EURUSD,2014-11-05 13:00:00+00:00,2014-11-05 13:59:00+00:00,60,2014,Wednesday,13,candidate_missing_source_block
EURUSD,2014-11-07 19:00:00+00:00,2014-11-07 19:59:00+00:00,60,2014,Friday,19,candidate_missing_source_block
EURUSD,2014-11-10 13:00:00+00:00,2014-11-10 13:59:00+00:00,60,2014,Monday,13,candidate_missing_source_block
EURUSD,2014-11-11 01:00:00+00:00,2014-11-11 01:59:00+00:00,60,2014,Tuesday,1,candidate_missing_source_block
EURUSD,2014-11-19 08:00:00+00:00,2014-11-19 08:59:00+00:00,60,2014,Wednesday,8,candidate_missing_source_block
EURUSD,2014-11-24 01:00:00+00:00,2014-11-24 01:59:00+00:00,60,2014,Monday,1,candidate_missing_source_block
EURUSD,2014-11-26 06:00:00+00:00,2014-11-26 06:59:00+00:00,60,2014,Wednesday,6,candidate_missing_source_block
EURUSD,2014-11-27 01:00:00+00:00,2014-11-27 01:59:00+00:00,60,2014,Thursday,1,candidate_missing_source_block
EURUSD,2014-11-27 18:00:00+00:00,2014-11-27 18:59:00+00:00,60,2014,Thursday,18,candidate_missing_source_block
EURUSD,2014-12-03 05:00:00+00:00,2014-12-03 05:59:00+00:00,60,2014,Wednesday,5,candidate_missing_source_block
EURUSD,2014-12-03 09:00:00+00:00,2014-12-03 09:59:00+00:00,60,2014,Wednesday,9,candidate_missing_source_block
EURUSD,2014-12-08 02:00:00+00:00,2014-12-08 02:59:00+00:00,60,2014,Monday,2,candidate_missing_source_block
EURUSD,2014-12-12 15:00:00+00:00,2014-12-12 15:59:00+00:00,60,2014,Friday,15,candidate_missing_source_block
EURUSD,2014-12-16 23:00:00+00:00,2014-12-16 23:59:00+00:00,60,2014,Tuesday,23,candidate_missing_source_block
EURUSD,2014-12-23 18:00:00+00:00,2014-12-23 18:59:00+00:00,60,2014,Tuesday,18,candidate_missing_source_block
EURUSD,2014-12-24 07:00:00+00:00,2014-12-24 07:59:00+00:00,60,2014,Wednesday,7,candidate_missing_source_block
EURUSD,2015-01-20 22:00:00+00:00,2015-01-20 22:59:00+00:00,60,2015,Tuesday,22,candidate_missing_source_block
EURUSD,2015-01-22 11:00:00+00:00,2015-01-22 11:59:00+00:00,60,2015,Thursday,11,candidate_missing_source_block
EURUSD,2015-01-23 15:00:00+00:00,2015-01-23 15:59:00+00:00,60,2015,Friday,15,candidate_missing_source_block
EURUSD,2015-01-27 07:00:00+00:00,2015-01-27 07:59:00+00:00,60,2015,Tuesday,7,candidate_missing_source_block
EURUSD,2015-02-03 01:00:00+00:00,2015-02-03 01:59:00+00:00,60,2015,Tuesday,1,candidate_missing_source_block
EURUSD,2015-02-04 05:00:00+00:00,2015-02-04 05:59:00+00:00,60,2015,Wednesday,5,candidate_missing_source_block
EURUSD,2015-02-04 11:00:00+00:00,2015-02-04 11:59:00+00:00,60,2015,Wednesday,11,candidate_missing_source_block
EURUSD,2015-02-09 15:00:00+00:00,2015-02-09 15:59:00+00:00,60,2015,Monday,15,candidate_missing_source_block
EURUSD,2015-02-20 10:00:00+00:00,2015-02-20 10:59:00+00:00,60,2015,Friday,10,candidate_missing_source_block
EURUSD,2015-02-20 16:00:00+00:00,2015-02-20 16:59:00+00:00,60,2015,Friday,16,candidate_missing_source_block
EURUSD,2015-03-03 16:00:00+00:00,2015-03-03 16:59:00+00:00,60,2015,Tuesday,16,candidate_missing_source_block
EURUSD,2015-03-05 16:00:00+00:00,2015-03-05 16:59:00+00:00,60,2015,Thursday,16,candidate_missing_source_block
EURUSD,2015-03-15 22:00:00+00:00,2015-03-15 22:59:00+00:00,60,2015,Sunday,22,candidate_missing_source_block
EURUSD,2015-03-16 22:00:00+00:00,2015-03-16 22:59:00+00:00,60,2015,Monday,22,candidate_missing_source_block
EURUSD,2015-03-17 08:00:00+00:00,2015-03-17 08:59:00+00:00,60,2015,Tuesday,8,candidate_missing_source_block
EURUSD,2015-03-17 19:00:00+00:00,2015-03-17 19:59:00+00:00,60,2015,Tuesday,19,candidate_missing_source_block
EURUSD,2015-03-18 10:00:00+00:00,2015-03-18 10:59:00+00:00,60,2015,Wednesday,10,candidate_missing_source_block
EURUSD,2015-03-19 17:00:00+00:00,2015-03-19 17:59:00+00:00,60,2015,Thursday,17,candidate_missing_source_block
EURUSD,2015-03-24 00:00:00+00:00,2015-03-24 00:59:00+00:00,60,2015,Tuesday,0,candidate_missing_source_block
EURUSD,2015-04-06 02:00:00+00:00,2015-04-06 02:59:00+00:00,60,2015,Monday,2,candidate_missing_source_block
EURUSD,2015-04-08 16:00:00+00:00,2015-04-08 16:59:00+00:00,60,2015,Wednesday,16,candidate_missing_source_block
EURUSD,2015-04-13 19:00:00+00:00,2015-04-13 19:59:00+00:00,60,2015,Monday,19,candidate_missing_source_block
EURUSD,2015-04-24 07:00:00+00:00,2015-04-24 07:59:00+00:00,60,2015,Friday,7,candidate_missing_source_block
EURUSD,2015-04-24 16:00:00+00:00,2015-04-24 16:59:00+00:00,60,2015,Friday,16,candidate_missing_source_block
EURUSD,2015-05-03 22:00:00+00:00,2015-05-03 22:59:00+00:00,60,2015,Sunday,22,candidate_missing_source_block
EURUSD,2015-05-05 09:00:00+00:00,2015-05-05 09:59:00+00:00,60,2015,Tuesday,9,candidate_missing_source_block
EURUSD,2015-05-12 17:00:00+00:00,2015-05-12 17:59:00+00:00,60,2015,Tuesday,17,candidate_missing_source_block
EURUSD,2015-05-14 02:00:00+00:00,2015-05-14 02:59:00+00:00,60,2015,Thursday,2,candidate_missing_source_block
EURUSD,2015-05-18 13:00:00+00:00,2015-05-18 13:59:00+00:00,60,2015,Monday,13,candidate_missing_source_block
EURUSD,2015-06-09 12:00:00+00:00,2015-06-09 12:59:00+00:00,60,2015,Tuesday,12,candidate_missing_source_block
EURUSD,2015-06-16 17:00:00+00:00,2015-06-16 17:59:00+00:00,60,2015,Tuesday,17,candidate_missing_source_block
EURUSD,2015-07-02 08:00:00+00:00,2015-07-02 08:59:00+00:00,60,2015,Thursday,8,candidate_missing_source_block
EURUSD,2015-07-02 23:00:00+00:00,2015-07-02 23:59:00+00:00,60,2015,Thursday,23,candidate_missing_source_block
EURUSD,2015-07-21 19:00:00+00:00,2015-07-21 19:59:00+00:00,60,2015,Tuesday,19,candidate_missing_source_block
EURUSD,2015-07-27 18:00:00+00:00,2015-07-27 18:59:00+00:00,60,2015,Monday,18,candidate_missing_source_block
EURUSD,2015-08-12 05:00:00+00:00,2015-08-12 05:59:00+00:00,60,2015,Wednesday,5,candidate_missing_source_block
EURUSD,2015-08-13 13:00:00+00:00,2015-08-13 13:59:00+00:00,60,2015,Thursday,13,candidate_missing_source_block
EURUSD,2015-08-24 21:00:00+00:00,2015-08-24 21:59:00+00:00,60,2015,Monday,21,candidate_missing_source_block
EURUSD,2015-08-25 02:00:00+00:00,2015-08-25 02:59:00+00:00,60,2015,Tuesday,2,candidate_missing_source_block
EURUSD,2015-08-28 08:00:00+00:00,2015-08-28 08:59:00+00:00,60,2015,Friday,8,candidate_missing_source_block
EURUSD,2015-08-28 15:00:00+00:00,2015-08-28 15:59:00+00:00,60,2015,Friday,15,candidate_missing_source_block
EURUSD,2015-09-07 23:00:00+00:00,2015-09-07 23:59:00+00:00,60,2015,Monday,23,candidate_missing_source_block
EURUSD,2015-09-15 16:00:00+00:00,2015-09-15 16:59:00+00:00,60,2015,Tuesday,16,candidate_missing_source_block
EURUSD,2015-09-18 16:00:00+00:00,2015-09-18 16:59:00+00:00,60,2015,Friday,16,candidate_missing_source_block
EURUSD,2015-09-29 00:00:00+00:00,2015-09-29 00:59:00+00:00,60,2015,Tuesday,0,candidate_missing_source_block
EURUSD,2015-10-15 15:00:00+00:00,2015-10-15 15:59:00+00:00,60,2015,Thursday,15,candidate_missing_source_block
EURUSD,2015-10-19 07:00:00+00:00,2015-10-19 07:59:00+00:00,60,2015,Monday,7,candidate_missing_source_block
EURUSD,2015-10-26 04:00:00+00:00,2015-10-26 04:59:00+00:00,60,2015,Monday,4,candidate_missing_source_block
EURUSD,2015-10-30 01:00:00+00:00,2015-10-30 01:59:00+00:00,60,2015,Friday,1,candidate_missing_source_block
EURUSD,2015-11-12 22:00:00+00:00,2015-11-12 22:59:00+00:00,60,2015,Thursday,22,candidate_missing_source_block
EURUSD,2015-11-17 01:00:00+00:00,2015-11-17 01:59:00+00:00,60,2015,Tuesday,1,candidate_missing_source_block
EURUSD,2015-11-27 10:00:00+00:00,2015-11-27 10:59:00+00:00,60,2015,Friday,10,candidate_missing_source_block
EURUSD,2015-11-30 08:00:00+00:00,2015-11-30 08:59:00+00:00,60,2015,Monday,8,candidate_missing_source_block
EURUSD,2015-12-01 09:00:00+00:00,2015-12-01 09:59:00+00:00,60,2015,Tuesday,9,candidate_missing_source_block
EURUSD,2015-12-02 15:00:00+00:00,2015-12-02 15:59:00+00:00,60,2015,Wednesday,15,candidate_missing_source_block
EURUSD,2015-12-09 14:00:00+00:00,2015-12-09 14:59:00+00:00,60,2015,Wednesday,14,candidate_missing_source_block
EURUSD,2015-12-16 13:00:00+00:00,2015-12-16 13:59:00+00:00,60,2015,Wednesday,13,candidate_missing_source_block
EURUSD,2015-12-23 01:00:00+00:00,2015-12-23 01:59:00+00:00,60,2015,Wednesday,1,candidate_missing_source_block
EURUSD,2015-12-24 04:00:00+00:00,2015-12-24 04:59:00+00:00,60,2015,Thursday,4,candidate_missing_source_block
EURUSD,2015-12-28 16:00:00+00:00,2015-12-28 16:59:00+00:00,60,2015,Monday,16,candidate_missing_source_block
EURUSD,2016-01-11 15:00:00+00:00,2016-01-11 15:59:00+00:00,60,2016,Monday,15,candidate_missing_source_block
EURUSD,2016-01-14 02:00:00+00:00,2016-01-14 02:59:00+00:00,60,2016,Thursday,2,candidate_missing_source_block
EURUSD,2016-01-19 06:00:00+00:00,2016-01-19 06:59:00+00:00,60,2016,Tuesday,6,candidate_missing_source_block
EURUSD,2016-01-29 04:00:00+00:00,2016-01-29 04:59:00+00:00,60,2016,Friday,4,candidate_missing_source_block
EURUSD,2016-02-01 12:00:00+00:00,2016-02-01 12:59:00+00:00,60,2016,Monday,12,candidate_missing_source_block
EURUSD,2016-02-05 05:00:00+00:00,2016-02-05 05:59:00+00:00,60,2016,Friday,5,candidate_missing_source_block
EURUSD,2016-02-22 03:00:00+00:00,2016-02-22 03:59:00+00:00,60,2016,Monday,3,candidate_missing_source_block
EURUSD,2016-02-23 06:00:00+00:00,2016-02-23 06:59:00+00:00,60,2016,Tuesday,6,candidate_missing_source_block
EURUSD,2016-02-26 02:00:00+00:00,2016-02-26 02:59:00+00:00,60,2016,Friday,2,candidate_missing_source_block
EURUSD,2016-03-07 14:00:00+00:00,2016-03-07 14:59:00+00:00,60,2016,Monday,14,candidate_missing_source_block
